Meeting ID,Date and Time,Location,Communication Medium,Meeting Organizer,Meeting Type,Meeting Agenda,Meeting Outcome,Meeting Feedback or Ratings
MEET001,12/02/2022 08:37,"300 Marissa Trace
Torresview, VA 81947",Phone,Gregory Johnson,Client meeting,Lorem Ipsum,Decision made,5
MEET002,24/07/2022 19:21,"3831 Erin Causeway Suite 504
Martinezmouth, VT 89331",Virtual,Mrs. Misty Guzman,Workshop,Lorem Ipsum,Task assigned,4
MEET003,06/05/2022 15:44,"80501 Hampton Port
Higginsland, TN 39160",In-person,Charles Thompson,Networking event,Lorem Ipsum,Problem identified,4
MEET004,19/11/2022 10:18,"64991 Heather Court
Riceside, MS 77633",Phone,Diana Malone,Investor pitch,Lorem Ipsum,Action plan defined,3
MEET005,03/09/2022 21:56,"692 Long Square Suite 362
Lake Eduardo, DC 41131",Virtual,Mr. Richard Wang,Sales meeting,Lorem Ipsum,Agreement reached,4
MEET006,28/08/2022 07:03,"073 Wilson Canyon Suite 902
North Jessicafurt, ND 93264",In-person,John Cook,Training session,Lorem Ipsum,Next steps identified,5
MEET007,15/03/2022 18:10,"595 Kelly Fords Suite 350
New Aaron, KY 86317",In-person,Crystal Mitchell,Product demo,Lorem Ipsum,Follow-up required,4
MEET008,08/12/2022 22:47,"USCGC Nelson
FPO AA 58812",Virtual,Theodore Martin,Brainstorming session,Lorem Ipsum,Action plan defined,4
MEET009,29/06/2022 14:29,"393 Bridget Gateway Apt. 821
Jacksonport, IA 71634",Virtual,Molly Goodwin,Pitch presentation,Lorem Ipsum,Information sharing,2
MEET010,07/08/2022 11:52,"649 Shelley Village Suite 455
Danielsside, KY 29708",Phone,Kylie Cooper,Mentoring session,Lorem Ipsum,Task assigned,5
MEET011,09/01/2022 17:14,"4249 David Key Apt. 084
North Thomas, GA 49803",Virtual,Matthew Brown,Project kickoff,Lorem Ipsum,Decision made,4
MEET012,13/09/2022 06:25,"851 Murphy Valley Apt. 804
Andersonmouth, AR 68737",Virtual,Kimberly Ramirez,Interview,Lorem Ipsum,Follow-up required,4
MEET013,25/02/2022 12:03,"83936 Briggs Parkway
East Thomaschester, RI 80168",Phone,Tiffany Sweeney,Advisory board meeting,Lorem Ipsum,Next steps identified,5
MEET014,05/06/2022 16:59,"472 Wanda Ports Suite 421
Pamelatown, AL 86255",Virtual,Samuel Peters,Strategic planning session,Lorem Ipsum,Problem identified,4
MEET015,28/04/2022 23:08,"67180 Brianna Mountains
South Amyville, MO 39759",In-person,Kathleen Alvarez,Client meeting,Lorem Ipsum,Follow-up required,4
MEET016,22/10/2022 08:42,"9274 Haley Coves Apt. 547
Thomasfurt, WY 97420",Virtual,Theresa Garrison,Workshop,Lorem Ipsum,Agreement reached,3
MEET017,18/01/2022 19:37,"31417 Mccann Hills
North Michelle, AZ 64573",Virtual,John Davis,Training session,Lorem Ipsum,No outcome,4
MEET018,01/03/2022 14:21,"33426 Hayden Junction Suite 471
Michaelside, DC 09364",Virtual,Brittany Fields,Investor pitch,Lorem Ipsum,Issue escalated,1
MEET019,04/07/2022 09:55,"1993 Adams Vista Suite 407
Dayview, OK 74872",Virtual,Sharon Becker,Sales meeting,Lorem Ipsum,Task assigned,5
MEET020,16/12/2022 22:04,"8638 Patricia Lakes
Wellsstad, AL 93508",In-person,Kevin Martinez,Networking event,Lorem Ipsum,Follow-up required,4
MEET021,30/05/2022 11:26,"708 Lynch Union Apt. 279
Lake Jared, GU 28915",Phone,Todd Diaz,Brainstorming session,Lorem Ipsum,Information sharing,4
MEET022,10/09/2022 20:13,"844 Caldwell Run Apt. 450
Garciaborough, FL 54412",In-person,Rickey Thompson,Pitch presentation,Lorem Ipsum,Problem identified,5
MEET023,26/08/2022 05:39,"6657 Laurie Rapids Apt. 810
Lake Davidside, RI 46710",Phone,Thomas Henry,Mentoring session,Lorem Ipsum,Decision made,4
MEET024,14/11/2022 13:48,"89025 Samuel Forks Apt. 930
North Norma, NM 84397",Virtual,Joy Tucker,Project kickoff,Lorem Ipsum,Follow-up required,4
MEET025,20/03/2022 18:07,"74662 George Creek Suite 131
Jimenezborough, GU 92619",Phone,Ashley Berry,Product demo,Lorem Ipsum,Next steps identified,2
MEET026,17/06/2022 02:15,"185 Perry Vista
Lauraview, MP 16056",Virtual,Melissa Martin,Interview,Lorem Ipsum,Action plan defined,5
MEET027,02/10/2022 10:32,"46710 Thomas Walks Apt. 792
Port Bryanville, DE 95786",In-person,Hannah Walker,Advisory board meeting,Lorem Ipsum,Agreement reached,4
MEET028,23/09/2022 16:58,"369 Kelly Tunnel Suite 927
Melissaburgh, NE 53758",In-person,Amy Grimes,Strategic planning session,Lorem Ipsum,Task assigned,4
MEET029,11/04/2022 21:36,"USCGC Beltran
FPO AE 78106",Phone,Stephanie Wallace,Training session,Lorem Ipsum,Follow-up required,5
MEET030,27/12/2022 07:51,"605 Jason Locks Suite 973
West Annette, AR 13138",Phone,John Miller,Client meeting,Lorem Ipsum,Problem identified,4
