UserID,Rating,Feedback
SCE45,4,Great app! Very helpful for startup information.
SCE48,5,Excellent support and quick responses.
SCE37,3,Some features could be improved for better usability.
SCE47,4,Good job! The chatbot provided useful insights.
SCE53,5,Love the app! It has helped me a lot in my startup journey.
SCE35,4,Nice interface and easy to navigate.
SCE36,3,Occasional lag during chatbot interactions.
SCE43,5,Highly recommended for startup founders.
SCE51,4,Good resource for startup events and information.
SCE45,5,Very satisfied with the app's features and content.
SCE48,4,Some additional search filters would be helpful.
SCE37,5,The chatbot provided accurate and relevant answers.
SCE47,3,Occasional delays in response time.
SCE53,4,Would like more case studies and success stories.
SCE35,5,Great job! Keep up the good work.
SCE36,4,Good resource for startup funding options.
SCE43,5,The app has helped me connect with other founders.
SCE51,3,Could use more articles on marketing strategies.
SCE45,4,The app's user interface is intuitive and user-friendly.
SCE48,5,Quick access to startup resources and support.
SCE37,4,Appreciate the app's event recommendations.
SCE47,3,Some technical issues encountered during usage.
SCE53,5,Provides valuable insights for startup growth.
SCE35,4,The chatbot understands my queries accurately.
SCE36,5,Great platform for networking with other founders.
SCE43,4,Would like more data and statistics on startup trends.
SCE51,5,Responsive customer support team.
SCE45,5,Highly satisfied with the app's content and features.
SCE48,4,Good resource for startup funding opportunities.
SCE37,5,The app's user interface is visually appealing.
SCE47,3,Sometimes the chatbot responses are not comprehensive.
SCE53,4,Would like more resources on legal aspects of startups.
SCE35,5,The app's content is well-organized and informative.
SCE36,4,Good recommendations for startup tools and resources.
SCE43,5,The app has helped me stay updated with industry news.
SCE51,3,Could use more case studies for inspiration.
